{
    "orig_wer_stats": {
        "mean": 0.26052192505449057,
        "std": 0.2508570441281835,
        "ci": [0.21244971, 0.31226005]
    },
    "anon_wer_stats": {
        "mean": 0.30800963900983336,
        "std": 0.2644567621478449,
        "ci": [0.25719399, 0.36094136]
    },
    "eer_scores": {
        "orig_orig": [0.056532686576247215, 0.24713380634784698],
        "orig_anon": [0.4301721900701523, 0.1599230319261551],
        "anon_anon": [0.42901988327503204, 0.626667320728302]
    }
}