{
    "orig_wer_score": 0.18932874500751495,
    "anon_wer_score": 0.13238771259784698,
    "eer_scores": {
        "orig_orig": [0.056532686576247215, 0.24713380634784698],
        "orig_anon": [0.4301721900701523, 0.1599230319261551],
        "anon_anon": [0.42901988327503204, 0.626667320728302]
    }
}